"","race","birthyr","gender","region","supports_biden"
"1","White","18-29","Male","Midwest","no"
"2","Black","30-44","Male","Northeast","no"
"3","Other","45-64","Male","West","yes"
"4","White","> 64","Male","Northeast","no"
"5","Other","45-64","Female","Midwest","no"
"6","Other","> 64","Female","South","yes"
"7","Black","18-29","Female","Northeast","no"
"8","Asian","> 64","Male","West","no"
"9","Hispanic","45-64","Female","South","no"
"10","Hispanic","30-44","Female","West","yes"
"11","White","18-29","Male","West","no"
"12","Hispanic","45-64","Male","West","no"
"13","Hispanic","18-29","Female","Northeast","no"
"14","Hispanic","30-44","Male","South","no"
"15","Black","18-29","Female","Midwest","no"
"16","Other","> 64","Male","South","yes"
"17","Black","> 64","Female","Midwest","no"
"18","Asian","45-64","Male","Northeast","no"
"19","Other","18-29","Male","Northeast","no"
"20","Asian","30-44","Male","South","yes"
"21","Black","30-44","Male","Midwest","no"
"22","Other","30-44","Female","West","yes"
"23","Black","18-29","Female","West","yes"
"24","White","30-44","Male","South","no"
"25","White","45-64","Male","Midwest","no"
"26","Asian","45-64","Male","South","no"
"27","Other","45-64","Male","West","yes"
"28","Hispanic","18-29","Male","South","no"
"29","Hispanic","30-44","Female","West","no"
"30","Black","30-44","Male","Northeast","no"
"31","White","> 64","Male","West","no"
"32","Hispanic","> 64","Female","Midwest","no"
"33","Black","> 64","Female","West","no"
"34","White","45-64","Male","West","no"
"35","White","> 64","Female","Midwest","yes"
"36","Other","18-29","Female","Northeast","no"
"37","Other","18-29","Male","West","no"
"38","White","> 64","Male","Midwest","no"
"39","White","30-44","Male","Northeast","no"
"40","Other","18-29","Male","Midwest","no"
"41","Other","30-44","Male","South","no"
"42","Asian","18-29","Male","West","no"
"43","White","30-44","Male","South","no"
"44","Asian","30-44","Male","Midwest","yes"
"45","Other","18-29","Male","Northeast","yes"
"46","White","> 64","Male","South","yes"
"47","Black","> 64","Female","West","no"
"48","Hispanic","45-64","Female","Northeast","yes"
"49","Other","18-29","Female","Midwest","yes"
"50","White","> 64","Male","Midwest","no"
"51","White","45-64","Male","Northeast","no"
"52","Asian","18-29","Female","Midwest","yes"
"53","Asian","30-44","Male","South","yes"
"54","Hispanic","18-29","Male","West","yes"
"55","Hispanic","> 64","Female","South","yes"
"56","White","45-64","Male","West","yes"
"57","Hispanic","> 64","Female","West","yes"
"58","Asian","45-64","Male","Northeast","no"
"59","Asian","18-29","Male","South","yes"
"60","Black","18-29","Male","Midwest","no"
"61","Hispanic","45-64","Female","Midwest","no"
"62","Other","> 64","Male","South","yes"
"63","Hispanic","18-29","Female","Northeast","no"
"64","Black","30-44","Male","South","yes"
"65","Other","18-29","Male","West","yes"
"66","Other","> 64","Male","Northeast","yes"
"67","Hispanic","> 64","Male","Midwest","no"
"68","White","> 64","Female","South","no"
"69","White","> 64","Female","West","no"
"70","Hispanic","30-44","Female","Northeast","no"
"71","Asian","45-64","Female","West","no"
"72","Hispanic","18-29","Male","South","no"
"73","Black","30-44","Male","Northeast","no"
"74","White","30-44","Female","Midwest","no"
"75","Asian","18-29","Male","Midwest","no"
"76","Other","18-29","Male","Northeast","no"
"77","Other","> 64","Male","Midwest","no"
"78","Hispanic","30-44","Male","West","yes"
"79","Asian","30-44","Female","South","yes"
"80","White","> 64","Male","Northeast","no"
"81","Asian","45-64","Male","Midwest","yes"
"82","Hispanic","30-44","Female","Midwest","no"
"83","Hispanic","45-64","Female","Midwest","no"
"84","White","45-64","Female","West","no"
"85","White","> 64","Male","West","no"
"86","Other","30-44","Female","Midwest","yes"
"87","Other","30-44","Male","West","yes"
"88","Asian","> 64","Male","Northeast","yes"
"89","Hispanic","30-44","Female","West","no"
"90","Other","18-29","Female","South","no"
"91","Other","> 64","Male","West","yes"
"92","Asian","30-44","Female","West","no"
"93","Asian","18-29","Male","South","no"
"94","Asian","30-44","Male","South","no"
"95","White","45-64","Female","Midwest","no"
"96","White","18-29","Male","Northeast","no"
"97","White","18-29","Female","Northeast","no"
"98","Hispanic","> 64","Male","West","no"
"99","Asian","18-29","Female","South","no"
"100","Other","45-64","Male","West","no"
"101","Asian","30-44","Female","Northeast","no"
"102","Hispanic","18-29","Female","Midwest","no"
"103","Black","30-44","Female","Northeast","no"
"104","White","18-29","Male","West","no"
"105","Other","18-29","Male","Midwest","yes"
"106","White","18-29","Female","Northeast","no"
"107","Black","45-64","Male","South","no"
"108","Black","45-64","Male","Midwest","no"
"109","Asian","30-44","Male","Midwest","yes"
"110","Other","18-29","Male","Midwest","yes"
"111","White","45-64","Female","South","yes"
"112","Asian","30-44","Male","Midwest","no"
"113","White","45-64","Male","Midwest","no"
"114","Hispanic","18-29","Female","Midwest","no"
"115","White","45-64","Male","West","yes"
"116","White","45-64","Male","West","no"
"117","Other","45-64","Female","Midwest","yes"
"118","White","30-44","Female","South","no"
"119","White","18-29","Male","Midwest","no"
"120","Hispanic","45-64","Male","South","no"
"121","Asian","30-44","Female","West","yes"
"122","Other","30-44","Male","Midwest","yes"
"123","White","18-29","Female","South","no"
"124","Black","30-44","Male","South","no"
"125","Asian","45-64","Female","South","yes"
"126","Hispanic","18-29","Male","Midwest","yes"
"127","Hispanic","18-29","Female","West","no"
"128","White","18-29","Male","South","no"
"129","White","30-44","Male","Midwest","no"
"130","Black","18-29","Female","West","no"
"131","Other","> 64","Male","South","no"
"132","Other","18-29","Male","Northeast","no"
"133","Asian","45-64","Male","South","no"
"134","Asian","18-29","Male","South","no"
"135","Black","30-44","Male","Northeast","no"
"136","Hispanic","45-64","Male","Northeast","no"
"137","Other","30-44","Male","South","yes"
"138","White","18-29","Male","Midwest","no"
"139","Black","18-29","Female","Northeast","no"
"140","White","30-44","Female","South","no"
"141","Other","30-44","Male","Midwest","yes"
"142","Other","30-44","Male","Northeast","yes"
"143","Black","> 64","Male","West","yes"
"144","Hispanic","30-44","Male","Northeast","yes"
"145","Hispanic","18-29","Male","Northeast","no"
"146","Asian","45-64","Male","South","yes"
"147","Hispanic","> 64","Male","West","yes"
"148","White","45-64","Female","Midwest","no"
"149","White","45-64","Male","South","no"
"150","Hispanic","30-44","Female","West","yes"
"151","Hispanic","30-44","Female","South","no"
"152","Asian","45-64","Female","West","yes"
"153","Hispanic","45-64","Male","West","no"
"154","Hispanic","18-29","Male","West","yes"
"155","Other","> 64","Female","Midwest","yes"
"156","Hispanic","45-64","Male","Northeast","no"
"157","Black","45-64","Female","South","yes"
"158","White","18-29","Male","West","no"
"159","Black","18-29","Female","Northeast","no"
"160","Other","45-64","Female","West","yes"
"161","Black","30-44","Female","South","no"
"162","Other","18-29","Female","Midwest","no"
"163","White","18-29","Female","Midwest","no"
"164","Asian","18-29","Female","Midwest","no"
"165","Other","18-29","Male","West","no"
"166","Asian","45-64","Male","Northeast","yes"
"167","Hispanic","18-29","Male","West","no"
"168","Hispanic","30-44","Female","Northeast","no"
"169","Black","30-44","Male","West","no"
"170","Black","30-44","Male","South","no"
"171","Asian","30-44","Female","South","yes"
"172","Hispanic","> 64","Male","Midwest","yes"
"173","Black","45-64","Female","Northeast","no"
"174","Hispanic","18-29","Female","South","yes"
"175","White","18-29","Male","South","no"
"176","Asian","18-29","Male","West","no"
"177","Hispanic","45-64","Female","Midwest","no"
"178","Asian","45-64","Female","South","yes"
"179","Black","45-64","Female","Northeast","no"
"180","Other","45-64","Male","West","no"
"181","Black","45-64","Female","West","yes"
"182","Black","45-64","Female","West","yes"
"183","Hispanic","18-29","Male","Northeast","no"
"184","White","18-29","Female","West","yes"
"185","White","> 64","Male","Midwest","no"
"186","Hispanic","45-64","Female","Northeast","no"
"187","White","30-44","Female","Midwest","yes"
"188","Asian","30-44","Male","South","no"
"189","White","45-64","Female","Northeast","no"
"190","Hispanic","> 64","Male","Midwest","yes"
"191","Other","> 64","Female","Midwest","yes"
"192","White","> 64","Male","West","no"
"193","Black","30-44","Male","South","no"
"194","White","18-29","Male","Midwest","no"
"195","Hispanic","> 64","Male","Midwest","yes"
"196","Hispanic","18-29","Male","South","yes"
"197","Hispanic","30-44","Female","Northeast","no"
"198","Black","30-44","Male","Northeast","no"
"199","Black","30-44","Male","West","yes"
"200","Asian","30-44","Female","West","yes"
"201","White","45-64","Male","South","no"
"202","Black","45-64","Male","West","no"
"203","White","45-64","Female","South","no"
"204","Black","30-44","Male","West","no"
"205","Hispanic","18-29","Male","South","no"
"206","Other","> 64","Male","West","no"
"207","Black","45-64","Female","Northeast","no"
"208","White","18-29","Male","West","no"
"209","White","18-29","Female","Midwest","no"
"210","Other","45-64","Male","Midwest","yes"
"211","Other","30-44","Male","Midwest","yes"
"212","Hispanic","30-44","Male","South","yes"
"213","White","30-44","Female","South","no"
"214","Other","18-29","Female","Northeast","no"
"215","Other","30-44","Female","South","yes"
"216","Black","45-64","Female","West","no"
"217","Other","> 64","Female","Midwest","yes"
"218","Hispanic","> 64","Male","West","yes"
"219","Asian","18-29","Female","West","no"
"220","Other","45-64","Female","Northeast","yes"
"221","Hispanic","45-64","Female","Northeast","no"
"222","Asian","30-44","Female","West","yes"
"223","Other","> 64","Male","West","yes"
"224","White","> 64","Male","Northeast","no"
"225","Black","> 64","Female","Northeast","no"
"226","Hispanic","> 64","Female","West","yes"
"227","Asian","18-29","Male","Midwest","no"
"228","Other","45-64","Male","Midwest","yes"
"229","Asian","> 64","Male","Northeast","no"
"230","Asian","45-64","Female","South","yes"
"231","Black","> 64","Male","South","yes"
"232","Other","18-29","Male","West","no"
"233","Other","18-29","Male","Northeast","no"
"234","Hispanic","18-29","Female","West","yes"
"235","Hispanic","18-29","Female","West","yes"
"236","Hispanic","30-44","Male","West","no"
"237","Black","> 64","Female","Midwest","no"
"238","Hispanic","30-44","Female","South","yes"
"239","Black","18-29","Female","Northeast","no"
"240","Hispanic","> 64","Female","Midwest","no"
"241","Asian","30-44","Female","South","yes"
"242","White","30-44","Male","Northeast","no"
"243","White","30-44","Male","Midwest","no"
"244","Black","> 64","Female","Northeast","no"
"245","Black","30-44","Male","South","no"
"246","Hispanic","30-44","Female","Midwest","no"
"247","Hispanic","45-64","Male","Northeast","no"
"248","Hispanic","45-64","Female","Midwest","no"
"249","White","45-64","Female","Northeast","yes"
"250","White","45-64","Female","Midwest","no"
"251","Black","30-44","Male","Northeast","no"
"252","White","18-29","Female","South","no"
"253","Hispanic","45-64","Female","West","yes"
"254","White","> 64","Male","West","yes"
"255","Hispanic","18-29","Female","South","no"
"256","Hispanic","30-44","Male","West","no"
"257","Black","> 64","Male","West","no"
"258","Asian","45-64","Female","South","yes"
"259","Hispanic","18-29","Male","South","no"
"260","Asian","45-64","Female","West","no"
"261","Other","45-64","Male","South","no"
"262","White","30-44","Male","South","no"
"263","White","45-64","Female","Northeast","no"
"264","Asian","18-29","Female","South","yes"
"265","Hispanic","> 64","Female","Midwest","yes"
"266","White","18-29","Male","Northeast","no"
"267","White","18-29","Female","South","yes"
"268","Other","18-29","Male","Midwest","no"
"269","Other","45-64","Female","West","yes"
"270","Hispanic","18-29","Female","West","no"
"271","White","18-29","Male","Northeast","no"
"272","Asian","> 64","Female","West","yes"
"273","Other","> 64","Male","Midwest","no"
"274","Other","30-44","Female","Midwest","no"
"275","Other","30-44","Male","Midwest","no"
"276","Black","30-44","Male","West","no"
"277","Hispanic","18-29","Female","Midwest","no"
"278","Other","45-64","Male","South","no"
"279","Other","18-29","Female","West","yes"
"280","Other","18-29","Male","Midwest","yes"
"281","Asian","18-29","Female","South","no"
"282","Other","18-29","Female","West","yes"
"283","Asian","> 64","Male","West","yes"
"284","Black","18-29","Female","Midwest","no"
"285","Black","45-64","Male","Northeast","no"
"286","Asian","45-64","Female","Northeast","yes"
"287","Black","18-29","Male","Midwest","no"
"288","Other","45-64","Male","Northeast","yes"
"289","White","45-64","Female","West","yes"
"290","White","> 64","Male","Northeast","no"
"291","Asian","> 64","Female","West","yes"
"292","White","18-29","Female","Midwest","yes"
"293","Hispanic","45-64","Female","Northeast","yes"
"294","Black","18-29","Female","South","yes"
"295","Asian","45-64","Female","Midwest","no"
"296","Asian","45-64","Female","South","no"
"297","Other","30-44","Male","Northeast","no"
"298","Other","18-29","Female","Northeast","yes"
"299","Asian","30-44","Female","Northeast","yes"
"300","Black","30-44","Male","Midwest","no"
"301","White","30-44","Female","Midwest","no"
"302","Other","30-44","Female","Midwest","yes"
"303","Other","45-64","Female","Midwest","yes"
"304","Black","18-29","Male","Midwest","no"
"305","Black","> 64","Male","South","no"
"306","Black","30-44","Male","South","no"
"307","Asian","45-64","Male","South","no"
"308","Other","30-44","Male","West","yes"
"309","White","18-29","Female","South","no"
"310","Black","18-29","Male","South","no"
"311","Other","45-64","Female","Northeast","no"
"312","White","18-29","Female","Midwest","no"
"313","Asian","45-64","Male","Midwest","no"
"314","Other","30-44","Male","Midwest","yes"
"315","White","18-29","Female","Midwest","no"
"316","Other","30-44","Female","Midwest","no"
"317","Other","> 64","Male","Northeast","yes"
"318","Hispanic","> 64","Female","Midwest","no"
"319","Black","45-64","Female","Northeast","no"
"320","Hispanic","> 64","Female","Northeast","no"
"321","White","> 64","Male","Northeast","yes"
"322","White","18-29","Female","West","yes"
"323","Black","> 64","Female","Midwest","no"
"324","Asian","45-64","Male","Northeast","no"
"325","White","45-64","Male","West","yes"
"326","Black","30-44","Male","Northeast","yes"
"327","Other","45-64","Female","Midwest","yes"
"328","Black","45-64","Female","West","yes"
"329","Hispanic","> 64","Female","Midwest","yes"
"330","Asian","18-29","Male","Northeast","no"
"331","Other","30-44","Female","Northeast","no"
"332","Hispanic","45-64","Male","Midwest","no"
"333","Hispanic","45-64","Female","Midwest","no"
"334","Black","45-64","Female","Northeast","no"
"335","Other","> 64","Female","Northeast","no"
"336","Black","18-29","Female","Northeast","no"
"337","Hispanic","18-29","Male","South","no"
"338","Black","30-44","Female","Midwest","no"
"339","White","30-44","Female","Midwest","yes"
"340","White","> 64","Male","Midwest","yes"
"341","White","30-44","Female","South","yes"
"342","White","45-64","Female","Northeast","no"
"343","Other","30-44","Female","Northeast","yes"
"344","Hispanic","18-29","Male","Midwest","no"
"345","White","18-29","Male","Midwest","no"
"346","White","> 64","Female","West","no"
"347","White","45-64","Male","South","no"
"348","Other","45-64","Male","Northeast","yes"
"349","White","18-29","Male","West","no"
"350","Black","> 64","Female","West","no"
"351","Asian","> 64","Male","Midwest","no"
"352","White","18-29","Male","South","no"
"353","Other","> 64","Male","South","no"
"354","Other","18-29","Female","South","yes"
"355","Black","> 64","Male","Northeast","no"
"356","White","> 64","Male","Northeast","no"
"357","White","30-44","Female","South","no"
"358","Other","18-29","Female","West","no"
"359","Hispanic","18-29","Male","Midwest","no"
"360","Other","> 64","Male","Midwest","no"
"361","Hispanic","30-44","Female","West","yes"
"362","Hispanic","18-29","Male","Midwest","no"
"363","Asian","18-29","Female","West","no"
"364","Hispanic","45-64","Male","Midwest","no"
"365","Other","45-64","Female","West","no"
"366","White","30-44","Male","Midwest","no"
"367","Black","30-44","Male","Northeast","no"
"368","Other","18-29","Female","Midwest","no"
"369","Black","> 64","Female","West","yes"
"370","White","18-29","Female","West","no"
"371","Asian","30-44","Male","Midwest","yes"
"372","Black","> 64","Female","South","no"
"373","Asian","30-44","Male","Northeast","no"
"374","Other","45-64","Male","West","yes"
"375","Other","> 64","Female","West","no"
"376","Hispanic","18-29","Male","South","no"
"377","Black","30-44","Male","West","yes"
"378","White","> 64","Female","Midwest","no"
"379","Asian","45-64","Female","South","no"
"380","Hispanic","18-29","Female","Midwest","no"
"381","Hispanic","> 64","Female","Midwest","yes"
"382","Black","45-64","Male","Midwest","no"
"383","Asian","> 64","Female","Midwest","no"
"384","White","30-44","Female","South","no"
"385","Other","45-64","Female","South","no"
"386","Asian","> 64","Male","Northeast","yes"
"387","White","30-44","Female","South","no"
"388","Black","45-64","Female","South","no"
"389","Hispanic","> 64","Male","Midwest","no"
"390","Black","18-29","Female","Midwest","no"
"391","Black","45-64","Male","Northeast","no"
"392","Asian","> 64","Female","South","no"
"393","Black","45-64","Male","West","no"
"394","Other","45-64","Female","Midwest","no"
"395","Other","45-64","Male","West","yes"
"396","Asian","> 64","Female","West","yes"
"397","Black","30-44","Male","South","no"
"398","Other","45-64","Female","South","yes"
"399","Hispanic","30-44","Female","West","yes"
"400","White","45-64","Male","Northeast","no"
"401","White","> 64","Male","South","no"
"402","Hispanic","45-64","Female","South","yes"
"403","Other","> 64","Female","South","yes"
"404","White","30-44","Female","Northeast","no"
"405","Asian","18-29","Male","South","no"
"406","White","30-44","Female","West","no"
"407","Other","> 64","Female","Midwest","yes"
"408","White","30-44","Female","South","no"
"409","White","45-64","Male","Northeast","no"
"410","Other","> 64","Male","Midwest","no"
"411","White","> 64","Male","Midwest","no"
"412","Other","18-29","Male","Northeast","no"
"413","Other","45-64","Female","South","no"
"414","White","18-29","Male","West","no"
"415","Hispanic","30-44","Female","Midwest","no"
"416","Hispanic","45-64","Male","South","no"
"417","Other","30-44","Female","South","yes"
"418","Asian","45-64","Female","South","no"
"419","Asian","45-64","Male","West","yes"
"420","Other","18-29","Female","Northeast","no"
"421","Other","30-44","Female","West","no"
"422","Hispanic","45-64","Female","Northeast","no"
"423","Other","> 64","Female","Northeast","yes"
"424","Other","> 64","Male","West","yes"
"425","Black","18-29","Male","West","yes"
"426","Black","18-29","Female","Northeast","no"
"427","Asian","> 64","Male","Northeast","no"
"428","Other","45-64","Male","Midwest","yes"
"429","Asian","> 64","Female","South","no"
"430","Black","45-64","Male","South","no"
"431","Asian","18-29","Female","Midwest","no"
"432","Asian","18-29","Female","Northeast","no"
"433","White","30-44","Male","Midwest","no"
"434","Black","> 64","Male","South","yes"
"435","Other","45-64","Male","Midwest","yes"
"436","Black","> 64","Male","West","yes"
"437","Asian","18-29","Male","Midwest","no"
"438","Other","18-29","Male","Midwest","yes"
"439","Other","> 64","Female","South","no"
"440","White","30-44","Male","Midwest","no"
"441","White","> 64","Male","Northeast","yes"
"442","Asian","30-44","Female","South","yes"
"443","Hispanic","30-44","Male","West","no"
"444","Hispanic","30-44","Female","South","no"
"445","Asian","> 64","Male","Northeast","yes"
"446","Other","> 64","Female","West","yes"
"447","White","18-29","Female","Northeast","no"
"448","Other","30-44","Female","South","yes"
"449","White","18-29","Female","South","yes"
"450","Asian","30-44","Male","South","yes"
"451","Hispanic","45-64","Female","West","yes"
"452","Asian","45-64","Female","West","yes"
"453","Black","18-29","Male","Northeast","no"
"454","Asian","30-44","Male","West","no"
"455","Asian","45-64","Male","South","no"
"456","Hispanic","30-44","Female","West","no"
"457","Hispanic","18-29","Female","West","no"
"458","White","> 64","Female","West","no"
"459","Hispanic","45-64","Male","Northeast","no"
"460","Asian","> 64","Female","West","no"
"461","Asian","18-29","Female","South","no"
"462","Asian","45-64","Female","Midwest","yes"
"463","Asian","30-44","Female","Midwest","yes"
"464","Other","30-44","Female","South","no"
"465","Hispanic","> 64","Male","West","yes"
"466","Black","45-64","Male","Midwest","no"
"467","White","45-64","Female","Midwest","yes"
"468","Black","18-29","Male","Northeast","no"
"469","Black","> 64","Female","South","yes"
"470","Black","18-29","Male","Northeast","no"
"471","Other","> 64","Female","South","yes"
"472","Asian","18-29","Male","South","no"
"473","Black","45-64","Female","West","no"
"474","White","> 64","Female","West","yes"
"475","Hispanic","> 64","Male","Northeast","no"
"476","White","> 64","Male","West","yes"
"477","Asian","30-44","Male","South","no"
"478","Hispanic","18-29","Female","South","no"
"479","Asian","45-64","Female","West","yes"
"480","Other","> 64","Female","South","yes"
"481","Other","18-29","Male","Midwest","no"
"482","Hispanic","> 64","Female","South","yes"
"483","Other","18-29","Female","Midwest","no"
"484","Asian","30-44","Male","West","no"
"485","White","45-64","Male","West","no"
"486","Asian","30-44","Female","Northeast","yes"
"487","Asian","30-44","Female","Northeast","no"
"488","Black","45-64","Male","South","yes"
"489","Other","30-44","Male","Midwest","yes"
"490","White","> 64","Female","Northeast","no"
"491","White","> 64","Female","Midwest","no"
"492","Black","30-44","Female","Northeast","no"
"493","White","45-64","Male","Midwest","no"
"494","Asian","30-44","Male","South","yes"
"495","Other","18-29","Male","Midwest","yes"
"496","Hispanic","45-64","Female","West","yes"
"497","White","> 64","Male","Midwest","no"
"498","Other","30-44","Male","Midwest","no"
"499","Black","> 64","Male","South","no"
"500","White","45-64","Female","Northeast","no"
"501","Hispanic","> 64","Male","South","no"
"502","White","45-64","Female","Northeast","no"
"503","Black","30-44","Male","Midwest","no"
"504","White","> 64","Female","Northeast","yes"
"505","Other","> 64","Female","South","yes"
"506","Other","45-64","Male","Northeast","no"
"507","Hispanic","> 64","Male","West","no"
"508","Hispanic","> 64","Male","Northeast","yes"
"509","Asian","> 64","Female","Northeast","yes"
"510","Hispanic","> 64","Male","South","no"
"511","Hispanic","30-44","Male","Northeast","yes"
"512","Hispanic","> 64","Male","South","no"
"513","Hispanic","30-44","Male","Northeast","no"
"514","Asian","45-64","Male","West","yes"
"515","White","18-29","Female","Northeast","no"
"516","Black","30-44","Male","Midwest","no"
"517","Asian","18-29","Male","South","no"
"518","Black","30-44","Male","South","no"
"519","White","> 64","Male","South","no"
"520","Asian","> 64","Male","Northeast","no"
"521","Asian","> 64","Female","West","yes"
"522","Other","30-44","Female","West","yes"
"523","Asian","> 64","Female","South","no"
"524","White","30-44","Male","South","no"
"525","Black","45-64","Female","Northeast","no"
"526","Black","> 64","Male","Midwest","no"
"527","Other","45-64","Female","Midwest","yes"
"528","Hispanic","45-64","Male","South","yes"
"529","Other","45-64","Male","West","no"
"530","Hispanic","> 64","Female","South","no"
"531","Asian","30-44","Male","Northeast","yes"
"532","Other","45-64","Female","South","no"
"533","Hispanic","45-64","Female","South","no"
"534","White","18-29","Male","Northeast","no"
"535","White","45-64","Female","South","no"
"536","Other","> 64","Female","Midwest","no"
"537","White","> 64","Female","Northeast","no"
"538","White","18-29","Female","South","no"
"539","Other","45-64","Female","Midwest","no"
"540","Hispanic","> 64","Male","Northeast","no"
"541","White","> 64","Female","South","yes"
"542","Black","30-44","Male","South","no"
"543","Other","18-29","Male","Midwest","yes"
"544","Other","45-64","Female","West","yes"
"545","Other","45-64","Male","Midwest","yes"
"546","Other","> 64","Male","South","yes"
"547","Black","45-64","Female","Northeast","no"
"548","Hispanic","18-29","Female","South","no"
"549","Other","30-44","Male","South","yes"
"550","Black","> 64","Male","Northeast","yes"
"551","Other","30-44","Female","Northeast","no"
"552","Asian","30-44","Male","West","no"
"553","White","> 64","Male","Midwest","no"
"554","Asian","18-29","Male","Midwest","no"
"555","White","45-64","Male","West","no"
"556","Black","45-64","Male","West","no"
"557","Other","30-44","Female","Northeast","no"
"558","Asian","45-64","Male","Midwest","no"
"559","White","45-64","Male","South","yes"
"560","White","18-29","Male","South","no"
"561","Other","45-64","Male","West","yes"
"562","White","30-44","Male","South","no"
"563","White","30-44","Male","South","no"
"564","White","18-29","Female","Northeast","no"
"565","Other","30-44","Female","Northeast","no"
"566","Black","30-44","Female","South","no"
"567","White","18-29","Female","West","no"
"568","Other","> 64","Female","Midwest","yes"
"569","Asian","> 64","Male","Northeast","no"
"570","Hispanic","45-64","Male","South","no"
"571","Black","> 64","Female","South","yes"
"572","Asian","30-44","Female","Northeast","no"
"573","Black","30-44","Male","Midwest","yes"
"574","Other","45-64","Male","Midwest","no"
"575","White","18-29","Female","South","no"
"576","Asian","18-29","Female","South","yes"
"577","Other","> 64","Male","West","no"
"578","Asian","45-64","Male","South","no"
"579","White","18-29","Male","Midwest","no"
"580","White","> 64","Female","South","yes"
"581","Hispanic","30-44","Female","Midwest","no"
"582","Black","18-29","Female","South","no"
"583","Hispanic","45-64","Female","South","no"
"584","Black","18-29","Male","Midwest","no"
"585","Hispanic","> 64","Female","Northeast","no"
"586","Hispanic","> 64","Female","Midwest","yes"
"587","Asian","30-44","Female","Midwest","no"
"588","Other","30-44","Female","Northeast","no"
"589","Hispanic","30-44","Female","Northeast","yes"
"590","Asian","30-44","Male","Northeast","no"
"591","Asian","> 64","Male","South","yes"
"592","Other","30-44","Female","Northeast","yes"
"593","Asian","18-29","Male","South","yes"
"594","Asian","30-44","Female","Midwest","yes"
"595","Black","30-44","Male","Northeast","yes"
"596","Asian","30-44","Female","Northeast","no"
"597","Asian","18-29","Male","South","no"
"598","Black","45-64","Female","South","no"
"599","Black","> 64","Female","South","no"
"600","Asian","18-29","Female","Northeast","no"
"601","Asian","30-44","Female","South","no"
"602","Asian","> 64","Male","South","yes"
"603","Hispanic","> 64","Male","West","yes"
"604","Asian","30-44","Female","West","no"
"605","Other","18-29","Male","West","yes"
"606","White","18-29","Female","Northeast","no"
"607","Asian","18-29","Male","West","no"
"608","Hispanic","18-29","Male","South","no"
"609","Black","30-44","Male","Northeast","no"
"610","White","45-64","Male","Midwest","no"
"611","Hispanic","30-44","Female","Northeast","no"
"612","Black","30-44","Male","West","no"
"613","White","45-64","Female","South","yes"
"614","White","18-29","Female","South","no"
"615","Asian","45-64","Male","Midwest","yes"
"616","Other","45-64","Male","Northeast","yes"
"617","Asian","18-29","Female","South","no"
"618","White","> 64","Male","South","no"
"619","Other","> 64","Female","South","yes"
"620","Asian","30-44","Female","West","yes"
"621","Black","18-29","Female","South","no"
"622","Black","30-44","Male","South","no"
"623","Hispanic","18-29","Male","Midwest","no"
"624","Black","18-29","Female","West","no"
"625","Asian","30-44","Female","South","yes"
"626","White","18-29","Male","South","no"
"627","White","18-29","Female","Northeast","no"
"628","Asian","18-29","Female","Midwest","no"
"629","White","18-29","Female","West","no"
"630","Asian","> 64","Female","West","no"
"631","Hispanic","> 64","Female","Northeast","no"
"632","Other","> 64","Male","Northeast","yes"
"633","White","45-64","Male","Midwest","no"
"634","Other","18-29","Male","South","yes"
"635","Black","18-29","Female","West","no"
"636","White","> 64","Female","Midwest","no"
"637","Black","30-44","Female","South","no"
"638","Other","> 64","Male","South","yes"
"639","Hispanic","18-29","Male","Midwest","no"
"640","Black","> 64","Male","South","yes"
"641","White","30-44","Female","West","no"
"642","Other","18-29","Female","South","no"
"643","Hispanic","45-64","Female","West","no"
"644","White","18-29","Male","West","no"
"645","Black","45-64","Female","Northeast","no"
"646","Hispanic","30-44","Male","Northeast","no"
"647","White","45-64","Male","South","no"
"648","Hispanic","30-44","Female","Northeast","no"
"649","Asian","> 64","Male","West","no"
"650","White","18-29","Female","Northeast","no"
"651","Black","45-64","Male","West","yes"
"652","Asian","30-44","Female","West","yes"
"653","White","45-64","Male","South","no"
"654","Black","30-44","Female","Northeast","yes"
"655","Asian","> 64","Female","West","yes"
"656","White","18-29","Female","Northeast","no"
"657","Asian","> 64","Male","Northeast","yes"
"658","Other","45-64","Female","South","yes"
"659","Other","> 64","Male","South","yes"
"660","Black","30-44","Female","West","yes"
"661","Black","> 64","Female","West","no"
"662","Black","30-44","Female","South","no"
"663","Other","30-44","Male","South","yes"
"664","Hispanic","30-44","Female","Northeast","no"
"665","Asian","45-64","Female","Midwest","yes"
"666","Asian","18-29","Male","South","no"
"667","Hispanic","> 64","Male","Northeast","no"
"668","Black","18-29","Female","West","no"
"669","Hispanic","30-44","Male","Midwest","yes"
"670","Hispanic","45-64","Female","South","no"
"671","White","45-64","Male","Northeast","yes"
"672","White","30-44","Male","South","yes"
"673","Asian","> 64","Male","South","yes"
"674","Hispanic","30-44","Female","West","no"
"675","White","> 64","Male","Northeast","no"
"676","Other","45-64","Female","Northeast","yes"
"677","Black","30-44","Male","West","no"
"678","Hispanic","45-64","Female","Midwest","no"
"679","Hispanic","30-44","Male","West","no"
"680","Asian","30-44","Female","South","yes"
"681","White","> 64","Female","South","no"
"682","White","45-64","Male","Northeast","no"
"683","Hispanic","18-29","Female","Northeast","no"
"684","Hispanic","45-64","Male","Northeast","yes"
"685","Black","45-64","Female","West","yes"
"686","White","18-29","Male","Midwest","no"
"687","White","30-44","Male","South","no"
"688","White","30-44","Female","Midwest","no"
"689","Asian","18-29","Female","Northeast","no"
"690","Hispanic","18-29","Male","Northeast","no"
"691","Other","> 64","Female","South","no"
"692","Other","30-44","Female","Northeast","no"
"693","Black","30-44","Female","Midwest","yes"
"694","White","30-44","Male","West","yes"
"695","Black","45-64","Male","Midwest","no"
"696","Black","30-44","Female","Northeast","no"
"697","Black","> 64","Female","Midwest","no"
"698","Black","> 64","Male","Midwest","yes"
"699","White","30-44","Male","South","no"
"700","Other","18-29","Female","Midwest","yes"
"701","White","45-64","Female","South","no"
"702","Asian","> 64","Female","Northeast","no"
"703","White","> 64","Female","West","no"
"704","Other","18-29","Female","Northeast","no"
"705","Black","18-29","Female","Northeast","no"
"706","Hispanic","30-44","Female","Northeast","no"
"707","Black","18-29","Male","South","no"
"708","Other","> 64","Male","West","yes"
"709","Asian","18-29","Female","Midwest","yes"
"710","White","> 64","Male","West","no"
"711","Asian","18-29","Male","Midwest","no"
"712","Asian","45-64","Male","South","yes"
"713","Hispanic","> 64","Female","West","yes"
"714","Asian","30-44","Male","South","no"
"715","White","> 64","Female","West","yes"
"716","Asian","45-64","Male","South","no"
"717","Other","18-29","Male","South","no"
"718","Black","30-44","Male","Northeast","no"
"719","Asian","18-29","Male","Midwest","no"
"720","Asian","18-29","Female","South","no"
"721","Black","18-29","Female","Midwest","yes"
"722","White","45-64","Female","West","no"
"723","White","> 64","Female","Northeast","no"
"724","Asian","> 64","Male","West","yes"
"725","White","45-64","Male","West","yes"
"726","Black","30-44","Male","Northeast","yes"
"727","Black","45-64","Male","South","yes"
"728","Black","18-29","Female","West","no"
"729","Other","> 64","Female","West","yes"
"730","White","30-44","Female","South","no"
"731","Asian","> 64","Male","South","yes"
"732","Asian","18-29","Male","Northeast","no"
"733","Asian","45-64","Male","Northeast","yes"
"734","Other","18-29","Female","Northeast","no"
"735","Black","30-44","Female","Midwest","no"
"736","Hispanic","18-29","Male","West","no"
"737","Asian","> 64","Female","Midwest","yes"
"738","Asian","45-64","Male","Northeast","yes"
"739","Hispanic","30-44","Male","Northeast","no"
"740","White","18-29","Female","Northeast","no"
"741","Asian","30-44","Male","West","no"
"742","Other","> 64","Male","West","no"
"743","Hispanic","45-64","Female","West","yes"
"744","Black","30-44","Male","West","no"
"745","White","45-64","Male","West","no"
"746","Asian","> 64","Male","Midwest","yes"
"747","Black","30-44","Male","South","no"
"748","Asian","18-29","Male","South","no"
"749","Other","45-64","Female","Midwest","no"
"750","White","18-29","Male","South","no"
"751","Hispanic","30-44","Female","Midwest","yes"
"752","Hispanic","> 64","Male","West","no"
"753","Hispanic","> 64","Male","West","yes"
"754","Hispanic","> 64","Female","Northeast","no"
"755","Black","45-64","Male","Midwest","no"
"756","Asian","> 64","Female","West","yes"
"757","Hispanic","> 64","Male","Midwest","yes"
"758","Hispanic","> 64","Male","Northeast","no"
"759","Hispanic","45-64","Female","Northeast","no"
"760","Other","45-64","Male","West","yes"
"761","White","18-29","Male","West","no"
"762","Hispanic","30-44","Male","Northeast","no"
"763","Other","45-64","Female","Northeast","yes"
"764","Other","18-29","Male","Midwest","yes"
"765","Hispanic","45-64","Male","South","yes"
"766","White","30-44","Female","Midwest","yes"
"767","Other","45-64","Male","South","yes"
"768","Hispanic","> 64","Male","Midwest","yes"
"769","Asian","> 64","Female","South","yes"
"770","Asian","18-29","Female","Midwest","yes"
"771","Asian","18-29","Female","West","no"
"772","Asian","45-64","Female","South","yes"
"773","Hispanic","30-44","Female","Midwest","yes"
"774","Hispanic","> 64","Female","Midwest","no"
"775","White","18-29","Male","Northeast","no"
"776","Hispanic","45-64","Male","West","yes"
"777","Other","45-64","Female","Northeast","no"
"778","Black","> 64","Male","South","no"
"779","Other","45-64","Male","Midwest","yes"
"780","Hispanic","18-29","Female","Northeast","no"
"781","Asian","> 64","Male","South","yes"
"782","Other","18-29","Male","West","yes"
"783","Asian","30-44","Male","South","no"
"784","Hispanic","> 64","Female","South","no"
"785","Hispanic","18-29","Male","Northeast","no"
"786","White","> 64","Male","West","yes"
"787","White","18-29","Male","Midwest","yes"
"788","Black","30-44","Male","Midwest","no"
"789","Other","30-44","Male","Northeast","no"
"790","Hispanic","18-29","Female","West","yes"
"791","Other","45-64","Female","Northeast","no"
"792","Other","> 64","Male","West","yes"
"793","Black","30-44","Male","West","no"
"794","White","> 64","Female","South","no"
"795","White","> 64","Male","Midwest","yes"
"796","White","> 64","Male","Midwest","no"
"797","White","30-44","Female","West","no"
"798","Black","18-29","Female","South","no"
"799","White","30-44","Female","Northeast","no"
"800","Asian","> 64","Male","West","yes"
"801","Asian","> 64","Male","Northeast","no"
"802","Asian","45-64","Male","South","no"
"803","Asian","45-64","Female","West","no"
"804","Black","45-64","Male","Northeast","no"
"805","Other","45-64","Male","West","yes"
"806","Black","> 64","Male","Midwest","no"
"807","Other","45-64","Male","West","no"
"808","White","45-64","Male","West","no"
"809","Black","> 64","Male","Northeast","yes"
"810","Asian","18-29","Female","West","yes"
"811","Black","> 64","Female","Midwest","no"
"812","Asian","45-64","Male","West","yes"
"813","Hispanic","30-44","Male","Midwest","no"
"814","White","18-29","Female","Northeast","no"
"815","Hispanic","18-29","Female","Midwest","yes"
"816","White","18-29","Male","Midwest","yes"
"817","Hispanic","30-44","Female","Midwest","yes"
"818","Black","> 64","Female","South","no"
"819","Asian","45-64","Male","Northeast","yes"
"820","Hispanic","30-44","Male","Northeast","no"
"821","Hispanic","> 64","Female","Midwest","no"
"822","Other","> 64","Female","Midwest","yes"
"823","Other","30-44","Male","South","yes"
"824","White","45-64","Female","Northeast","yes"
"825","Asian","30-44","Male","West","yes"
"826","Black","18-29","Female","Midwest","no"
"827","White","> 64","Male","West","no"
"828","Hispanic","18-29","Female","West","no"
"829","Black","18-29","Female","Northeast","no"
"830","White","30-44","Male","Midwest","no"
"831","White","18-29","Male","Northeast","no"
"832","Black","18-29","Male","South","no"
"833","Other","18-29","Female","South","yes"
"834","Hispanic","> 64","Male","South","no"
"835","Hispanic","> 64","Male","Midwest","yes"
"836","White","30-44","Male","Midwest","no"
"837","Asian","30-44","Female","West","yes"
"838","White","45-64","Female","South","yes"
"839","Other","> 64","Male","South","no"
"840","Hispanic","> 64","Male","South","yes"
"841","Black","> 64","Female","West","yes"
"842","Hispanic","45-64","Male","Midwest","yes"
"843","Other","> 64","Male","South","yes"
"844","Other","> 64","Male","Northeast","no"
"845","Hispanic","18-29","Female","Northeast","no"
"846","Other","45-64","Male","Midwest","yes"
"847","Hispanic","45-64","Female","Midwest","no"
"848","Other","30-44","Male","South","no"
"849","Hispanic","> 64","Male","West","yes"
"850","White","> 64","Female","West","yes"
"851","Other","> 64","Male","South","no"
"852","Other","> 64","Male","West","yes"
"853","Asian","30-44","Male","South","no"
"854","Black","30-44","Female","Midwest","yes"
"855","Asian","18-29","Female","West","no"
"856","Black","18-29","Female","West","no"
"857","Hispanic","45-64","Male","Northeast","yes"
"858","Asian","> 64","Female","Midwest","no"
"859","Hispanic","18-29","Male","Midwest","no"
"860","White","18-29","Female","Midwest","yes"
"861","White","30-44","Male","Northeast","no"
"862","White","30-44","Male","South","no"
"863","Asian","30-44","Female","Midwest","no"
"864","Hispanic","18-29","Female","Northeast","no"
"865","Asian","30-44","Male","West","yes"
"866","Other","30-44","Male","West","no"
"867","Asian","45-64","Female","Northeast","yes"
"868","Other","18-29","Male","South","no"
"869","Black","30-44","Female","Midwest","no"
"870","Black","45-64","Male","Northeast","no"
"871","White","18-29","Male","West","no"
"872","Asian","30-44","Male","Midwest","no"
"873","Black","18-29","Male","South","no"
"874","Black","> 64","Male","Northeast","no"
"875","White","> 64","Female","South","no"
"876","White","> 64","Female","South","yes"
"877","Other","18-29","Female","South","yes"
"878","Hispanic","> 64","Male","Midwest","no"
"879","White","> 64","Female","South","yes"
"880","Other","18-29","Female","Midwest","no"
"881","Other","> 64","Male","South","yes"
"882","Other","45-64","Female","Northeast","yes"
"883","Hispanic","45-64","Male","South","yes"
"884","Asian","30-44","Female","West","yes"
"885","Hispanic","> 64","Female","Midwest","no"
"886","Other","18-29","Male","West","yes"
"887","Other","18-29","Female","West","yes"
"888","White","18-29","Female","South","no"
"889","Black","> 64","Female","South","yes"
"890","White","> 64","Male","Northeast","yes"
"891","Hispanic","30-44","Male","West","no"
"892","Other","45-64","Male","South","yes"
"893","Black","18-29","Male","South","no"
"894","Black","45-64","Male","South","no"
"895","Black","45-64","Female","South","no"
"896","Asian","18-29","Female","South","yes"
"897","White","> 64","Female","South","no"
"898","Black","18-29","Male","Midwest","no"
"899","Black","30-44","Female","Midwest","no"
"900","Asian","18-29","Male","West","yes"
"901","Other","30-44","Female","West","yes"
"902","Asian","30-44","Female","South","yes"
"903","Black","30-44","Female","Midwest","no"
"904","Black","> 64","Female","Midwest","yes"
"905","Hispanic","> 64","Male","West","yes"
"906","Black","> 64","Female","Midwest","yes"
"907","Black","18-29","Female","West","no"
"908","Asian","30-44","Female","Midwest","yes"
"909","Black","30-44","Female","West","no"
"910","Other","30-44","Female","Northeast","yes"
"911","Asian","> 64","Female","South","yes"
"912","White","45-64","Female","South","no"
"913","Hispanic","30-44","Female","Midwest","yes"
"914","Black","30-44","Male","South","no"
"915","Asian","18-29","Female","Midwest","no"
"916","Other","18-29","Male","South","no"
"917","Hispanic","45-64","Female","Northeast","no"
"918","Hispanic","30-44","Female","West","yes"
"919","Black","18-29","Male","South","yes"
"920","Other","18-29","Male","West","no"
"921","White","30-44","Female","South","no"
"922","Black","45-64","Male","South","yes"
"923","Black","45-64","Female","South","no"
"924","Other","30-44","Female","South","yes"
"925","Black","45-64","Male","Midwest","no"
"926","Hispanic","45-64","Male","South","no"
"927","White","30-44","Male","South","yes"
"928","Other","30-44","Male","Northeast","no"
"929","Asian","18-29","Male","Midwest","no"
"930","Hispanic","30-44","Male","Midwest","yes"
"931","Asian","> 64","Female","Northeast","yes"
"932","Other","18-29","Male","West","no"
"933","Asian","> 64","Female","South","yes"
"934","Asian","18-29","Female","Midwest","no"
"935","Black","45-64","Female","Northeast","yes"
"936","Other","> 64","Female","Northeast","yes"
"937","Asian","18-29","Female","West","yes"
"938","White","30-44","Male","South","no"
"939","Other","> 64","Female","Northeast","no"
"940","White","> 64","Male","South","yes"
"941","Hispanic","18-29","Female","South","no"
"942","Asian","> 64","Male","South","no"
"943","Hispanic","> 64","Female","Northeast","no"
"944","Black","45-64","Female","Midwest","yes"
"945","Asian","30-44","Female","South","no"
"946","Hispanic","30-44","Male","Northeast","no"
"947","Hispanic","> 64","Male","South","no"
"948","White","> 64","Female","Northeast","no"
"949","Hispanic","18-29","Male","West","yes"
"950","Asian","18-29","Female","South","yes"
"951","Other","45-64","Male","Northeast","no"
"952","Hispanic","45-64","Male","West","no"
"953","Black","18-29","Male","Northeast","no"
"954","Black","> 64","Female","West","yes"
"955","Hispanic","18-29","Male","Midwest","no"
"956","Asian","> 64","Male","Northeast","yes"
"957","Black","45-64","Male","Midwest","no"
"958","Hispanic","45-64","Female","Northeast","no"
"959","Asian","> 64","Male","Northeast","yes"
"960","Black","> 64","Female","Midwest","yes"
"961","Other","30-44","Female","South","yes"
"962","Black","30-44","Female","Northeast","no"
"963","Hispanic","18-29","Female","West","no"
"964","Hispanic","45-64","Female","Midwest","no"
"965","White","45-64","Male","Northeast","no"
"966","White","30-44","Female","West","no"
"967","Hispanic","30-44","Female","South","yes"
"968","Other","18-29","Female","South","no"
"969","White","45-64","Male","South","yes"
"970","White","18-29","Female","West","no"
"971","Asian","18-29","Male","South","no"
"972","Black","45-64","Female","Northeast","yes"
"973","Other","18-29","Male","South","no"
"974","Asian","30-44","Male","Northeast","no"
"975","Hispanic","45-64","Male","Midwest","no"
"976","Hispanic","30-44","Female","West","yes"
"977","Hispanic","18-29","Male","South","yes"
"978","Black","> 64","Female","Midwest","no"
"979","Other","18-29","Male","West","yes"
"980","White","45-64","Male","South","no"
"981","Hispanic","> 64","Female","Northeast","yes"
"982","Black","45-64","Female","South","no"
"983","Asian","> 64","Female","South","no"
"984","Other","18-29","Male","West","no"
"985","Hispanic","> 64","Male","Midwest","no"
"986","Hispanic","18-29","Female","South","yes"
"987","White","> 64","Female","Midwest","yes"
"988","Hispanic","30-44","Male","West","no"
"989","Other","> 64","Female","Midwest","yes"
"990","White","> 64","Female","Midwest","no"
"991","White","45-64","Female","Northeast","no"
"992","Black","18-29","Female","Northeast","no"
"993","Black","> 64","Female","Northeast","no"
"994","Black","30-44","Male","West","no"
"995","White","> 64","Female","West","yes"
"996","Asian","45-64","Male","West","no"
"997","Other","45-64","Female","Northeast","no"
"998","Other","45-64","Female","West","no"
"999","Asian","18-29","Female","South","yes"
"1000","Black","30-44","Female","Northeast","yes"
